{
    "camera": {
        "fieldOfView": 22.27373589884055,
        "from": [
            -11.725790023803711,
            -12.508892059326172,
            8.328309059143066
        ],
        "to": [
            -11.11161994934082,
            -11.85733413696289,
            7.883037567138672
        ],
        "up": [
            0.305420845746994,
            0.32401347160339355,
            0.8953956365585327
        ]
    },
    "output": {
        "resolution": [
            1920,
            1080
        ]
    },
    "surface": [
        "car.obj"
    ],
    "directionalLights": [
        {
            "direction": [
                -0.5871731638908386,
                0.6152852773666382,
                0.5259768962860107
            ],
            "radiance": [
                2.319999933242798,
                1.349912166595459,
                0.2510813772678375
            ]
        }
    ],
    "pointLights": [
        {
            "location": [
                1.0054539442062378,
                -4.076245307922363,
                5.903861999511719
            ],
            "radiance": [
                104.69932744577952,
                17.6338994775253,
                318.3098861837907
            ]
        }
    ]
}