{
    "camera": {
        "fieldOfView": 22.27373589884055,
        "from": [
            -15.405790328979492,
            -6.558891296386719,
            8.048309326171875
        ],
        "to": [
            -14.555855751037598,
            -6.213327884674072,
            7.650570392608643
        ],
        "up": [
            0.37554770708084106,
            0.13215500116348267,
            0.9173325300216675
        ]
    },
    "output": {
        "resolution": [
            1920,
            1080
        ]
    },
    "surface": [
        "config.obj"
    ],
    "directionalLights": [
        {
            "direction": [
                0.0,
                1.0,
                1.0
            ],
            "radiance": [
                0.0,
                1.0,
                0.3427543044090271
            ]
        }
    ],
    "pointLights": [
        {
            "location": [
                -2.2645459175109863,
                -3.7962453365325928,
                5.903861999511719
            ],
            "radiance": [
                318.3098861837907,
                127.481934016943,
                2.85738383633797
            ]
        }
    ]
}